modo,condicao,nivel,valor
bpfi,healthy 1,0,0.3313248051197525
bpfi,healthy 1,0,0.33176936746982033
bpfi,healthy 1,0,0.33210997092964956
bpfi,healthy 1,0,0.33174562342129776
bpfi,healthy 1,0,0.33096365269182604
bpfi,healthy 1,0,0.32478285794032224
bpfi,healthy 1,0,0.32439152445659264
bpfi,healthy 1,0,0.32346305819229665
bpfi,healthy 1,0,0.323444454362875
bpfi,healthy 1,0,0.3230027076817873
bpfi,healthy 1,0,0.3236944008109541
bpfi,healthy 1,0,0.3232519646622471
bpfi,healthy 1,0,0.3233759285756536
bpfi,healthy 1,0,0.3237264065969163
bpfi,healthy 1,0,0.3244150543859548
bpfi,healthy 1,0,0.32539408525631885
bpfi,healthy 1,0,0.3252494069916701
bpfi,healthy 1,0,0.3257937199624038
bpfi,healthy 1,0,0.32592038035019893
bpfi,healthy 1,0,0.32595957432050043
bpfi,healthy 1,0,0.32730765973325987
bpfi,healthy 1,0,0.32704994362867496
bpfi,healthy 1,0,0.3272648204066667
bpfi,healthy 1,0,0.32756648214578743
bpfi,healthy 1,0,0.32722498034198294
bpfi,healthy 1,0,0.32884946732502707
bpfi,healthy 1,0,0.32937804514945634
bpfi,healthy 1,0,0.32834011757719567
bpfi,healthy 1,0,0.3282307438629296
bpfi,healthy 1,0,0.32885856839053673
bpfi,healthy 1,0,0.33350795902860475
bpfi,healthy 1,0,0.3328220901916308
bpfi,healthy 1,0,0.3321705068886942
bpfi,healthy 1,0,0.3314698128246007
bpfi,healthy 1,0,0.33083916538372166
bpfi,healthy 1,0,0.32755632121250844
bpfi,healthy 1,0,0.3286191668885038
bpfi,healthy 1,0,0.3286586884556622
bpfi,healthy 1,0,0.32871858976373597
bpfi,healthy 1,0,0.3289126512862437
bpfi,healthy 1,0,0.3323105687292853
bpfi,healthy 1,0,0.33273487537402735
bpfi,healthy 1,0,0.33330276076343107
bpfi,healthy 1,0,0.3350290363953012
bpfi,healthy 1,0,0.33628104530270425
bpfi,healthy 1,0,0.33166203497653424
bpfi,healthy 1,0,0.33246448202944673
bpfi,healthy 1,0,0.33321323592338237
bpfi,healthy 1,0,0.3322570055632355
bpfi,healthy 1,0,0.3321731782668638
bpfi,healthy 1,0,0.33436179013172923
bpfi,healthy 1,0,0.33427449284282246
bpfi,healthy 1,0,0.33423994084038866
bpfi,healthy 1,0,0.3340722876385861
bpfi,healthy 1,0,0.3341577959803437
bpfi,healthy 1,0,0.3340983205388479
bpfi,healthy 1,0,0.3339729140352968
bpfi,healthy 1,0,0.33412346615578853
bpfi,healthy 1,0,0.3330770340392574
bpfi,healthy 1,0,0.3320109902502109
bpfi,healthy 2,0,0.35911757231723546
bpfi,healthy 2,0,0.36074967264484237
bpfi,healthy 2,0,0.36246854603582396
bpfi,healthy 2,0,0.3629535257784465
bpfi,healthy 2,0,0.36268645871551913
bpfi,healthy 2,0,0.36544927100681385
bpfi,healthy 2,0,0.3677511021588009
bpfi,healthy 2,0,0.36606728374852926
bpfi,healthy 2,0,0.3681274130177558
bpfi,healthy 2,0,0.36655124245716764
bpfi,healthy 2,0,0.37124556114393453
bpfi,healthy 2,0,0.3707852073075052
bpfi,healthy 2,0,0.3718233954574747
bpfi,healthy 2,0,0.3741967554152602
bpfi,healthy 2,0,0.37236716019532556
bpfi,healthy 2,0,0.37550273952759267
bpfi,healthy 2,0,0.374999508811018
bpfi,healthy 2,0,0.375575871589873
bpfi,healthy 2,0,0.3748178108457842
bpfi,healthy 2,0,0.3776475168572011
bpfi,healthy 2,0,0.3735468101057271
bpfi,healthy 2,0,0.3717257163059371
bpfi,healthy 2,0,0.37262218769405486
bpfi,healthy 2,0,0.37323097258357035
bpfi,healthy 2,0,0.373983937237325
bpfi,healthy 2,0,0.375291384975855
bpfi,healthy 2,0,0.37767105785877725
bpfi,healthy 2,0,0.3782830435109618
bpfi,healthy 2,0,0.3751327445649509
bpfi,healthy 2,0,0.3767802249725269
bpfi,healthy 2,0,0.37362035023450424
bpfi,healthy 2,0,0.3753170453827295
bpfi,healthy 2,0,0.3752185265357584
bpfi,healthy 2,0,0.3756302055378927
bpfi,healthy 2,0,0.37470000267209336
bpfi,healthy 2,0,0.3740779934445235
bpfi,healthy 2,0,0.3729427980359743
bpfi,healthy 2,0,0.37369825043929
bpfi,healthy 2,0,0.3712012580569396
bpfi,healthy 2,0,0.37228277995387027
bpfi,healthy 2,0,0.37218425239358943
bpfi,healthy 2,0,0.3737800054008614
bpfi,healthy 2,0,0.3729816054168622
bpfi,healthy 2,0,0.37093799855279214
bpfi,healthy 2,0,0.3690465950698279
bpfi,healthy 2,0,0.3716082202214051
bpfi,healthy 2,0,0.37132442783957786
bpfi,healthy 2,0,0.37331159385913354
bpfi,healthy 2,0,0.3731106013950465
bpfi,healthy 2,0,0.3747487450201758
bpfi,healthy 2,0,0.3700080348432604
bpfi,healthy 2,0,0.36914129488710845
bpfi,healthy 2,0,0.3681778838264128
bpfi,healthy 2,0,0.36937331681671964
bpfi,healthy 2,0,0.3693462809465874
bpfi,healthy 2,0,0.3642798255770506
bpfi,healthy 2,0,0.36327906907354285
bpfi,healthy 2,0,0.3648726455305095
bpfi,healthy 2,0,0.3630717536728444
bpfi,healthy 2,0,0.3659100095043848
bpfi,healthy 3,0,0.5828127022765048
bpfi,healthy 3,0,0.5734855302772216
bpfi,healthy 3,0,0.594729055418209
bpfi,healthy 3,0,0.591738066379415
bpfi,healthy 3,0,0.5774785101595175
bpfi,healthy 3,0,0.5843895867397814
bpfi,healthy 3,0,0.5836384420140193
bpfi,healthy 3,0,0.5842675694727824
bpfi,healthy 3,0,0.5849258640834454
bpfi,healthy 3,0,0.5845624305195998
bpfi,healthy 3,0,0.5840769334538859
bpfi,healthy 3,0,0.5830467329753996
bpfi,healthy 3,0,0.5819145693914564
bpfi,healthy 3,0,0.5812420100446325
bpfi,healthy 3,0,0.5803537451387314
bpfi,healthy 3,0,0.5790439359592853
bpfi,healthy 3,0,0.5789980974742849
bpfi,healthy 3,0,0.5805877175681428
bpfi,healthy 3,0,0.5800492641684367
bpfi,healthy 3,0,0.5817146621429524
bpfi,healthy 3,0,0.5777366949662208
bpfi,healthy 3,0,0.5807413700903312
bpfi,healthy 3,0,0.5801499245557997
bpfi,healthy 3,0,0.5803797086289676
bpfi,healthy 3,0,0.5798183402949875
bpfi,healthy 3,0,0.5812943950124281
bpfi,healthy 3,0,0.5857935696304791
bpfi,healthy 3,0,0.5811501093337285
bpfi,healthy 3,0,0.5906894845433467
bpfi,healthy 3,0,0.5892127698228757
bpfi,healthy 3,0,0.581679162084629
bpfi,healthy 3,0,0.5810221130727353
bpfi,healthy 3,0,0.5811979536287185
bpfi,healthy 3,0,0.5803094904387411
bpfi,healthy 3,0,0.5774695102765441
bpfi,healthy 3,0,0.5813195000844582
bpfi,healthy 3,0,0.579612504337529
bpfi,healthy 3,0,0.5796259856806153
bpfi,healthy 3,0,0.5791276968905084
bpfi,healthy 3,0,0.5787282378187636
bpfi,healthy 3,0,0.5754711160007723
bpfi,healthy 3,0,0.5772495824208417
bpfi,healthy 3,0,0.5775180398804522
bpfi,healthy 3,0,0.5775695492774376
bpfi,healthy 3,0,0.5792255827388968
bpfi,healthy 3,0,0.5798078938067511
bpfi,healthy 3,0,0.5790967317926209
bpfi,healthy 3,0,0.5761734266873678
bpfi,healthy 3,0,0.5749200657477733
bpfi,healthy 3,0,0.5748820225707929
bpfi,healthy 3,0,0.5817586755156319
bpfi,healthy 3,0,0.5808041315769547
bpfi,healthy 3,0,0.5836561376113119
bpfi,healthy 3,0,0.5821598501993381
bpfi,healthy 3,0,0.5817962641834054
bpfi,healthy 3,0,0.5843504865413032
bpfi,healthy 3,0,0.5856155308607967
bpfi,healthy 3,0,0.5863031215902629
bpfi,healthy 3,0,0.5873081200746629
bpfi,healthy 3,0,0.5903351929375592
bpfi,bearing bpfi 1,1,0.38662062074839837
bpfi,bearing bpfi 1,1,0.38770960776950086
bpfi,bearing bpfi 1,1,0.38720508032692297
bpfi,bearing bpfi 1,1,0.3870685807777115
bpfi,bearing bpfi 1,1,0.524544577815784
bpfi,bearing bpfi 1,1,0.40248713845109385
bpfi,bearing bpfi 1,1,0.40209498089843004
bpfi,bearing bpfi 1,1,0.4007308773365145
bpfi,bearing bpfi 1,1,0.39929376529515387
bpfi,bearing bpfi 1,1,0.4010215727163181
bpfi,bearing bpfi 1,1,0.39573095849789436
bpfi,bearing bpfi 1,1,0.39384064700355564
bpfi,bearing bpfi 1,1,0.3943463515509195
bpfi,bearing bpfi 1,1,0.3920444181729342
bpfi,bearing bpfi 1,1,0.3791248607222686
bpfi,bearing bpfi 2,2,0.49999272516108184
bpfi,bearing bpfi 2,2,0.4981699356606363
bpfi,bearing bpfi 2,2,0.49675401715697864
bpfi,bearing bpfi 2,2,0.49074245411583056
bpfi,bearing bpfi 2,2,0.49418391852802296
bpfi,bearing bpfi 2,2,0.4933525209317966
bpfi,bearing bpfi 2,2,0.4963104603254201
bpfi,bearing bpfi 2,2,0.4957553321368282
bpfi,bearing bpfi 2,2,0.4954519331817095
bpfi,bearing bpfi 2,2,0.4968552421557608
bpfi,bearing bpfi 2,2,0.5008103303168412
bpfi,bearing bpfi 2,2,0.49827024739173703
bpfi,bearing bpfi 2,2,0.4989307610993953
bpfi,bearing bpfi 2,2,0.49920105372292856
bpfi,bearing bpfi 2,2,0.4997952149427179
bpfi,bearing bpfi 3,3,0.5580964094177424
bpfi,bearing bpfi 3,3,0.5605742856598928
bpfi,bearing bpfi 3,3,0.5619552688815241
bpfi,bearing bpfi 3,3,0.5605910047422984
bpfi,bearing bpfi 3,3,0.5601139961774699
bpfi,bearing bpfi 3,3,0.5846161538582839
bpfi,bearing bpfi 3,3,0.5841996750193138
bpfi,bearing bpfi 3,3,0.5868106672370295
bpfi,bearing bpfi 3,3,0.5841083662999101
bpfi,bearing bpfi 3,3,0.5823175349891502
bpfi,bearing bpfi 3,3,0.5737528357280872
bpfi,bearing bpfi 3,3,0.5742906127318127
bpfi,bearing bpfi 3,3,0.5737457537107259
bpfi,bearing bpfi 3,3,0.5749747483806125
bpfi,bearing bpfi 3,3,0.5755144328694757
unbal_motor,healthy 1,0,0.02758986317203776
unbal_motor,healthy 1,0,0.027167984533398838
unbal_motor,healthy 1,0,0.027200541520275814
unbal_motor,healthy 1,0,0.02721273145388823
unbal_motor,healthy 1,0,0.027559550755241684
unbal_motor,healthy 1,0,0.027759074090187803
unbal_motor,healthy 1,0,0.026938818974175414
unbal_motor,healthy 1,0,0.026675236542302437
unbal_motor,healthy 1,0,0.02667255757767146
unbal_motor,healthy 1,0,0.027352479913144698
unbal_motor,healthy 1,0,0.027655563843243233
unbal_motor,healthy 1,0,0.026663594698859178
unbal_motor,healthy 1,0,0.02731686732239657
unbal_motor,healthy 1,0,0.02733544329098321
unbal_motor,healthy 1,0,0.02687865031139711
unbal_motor,healthy 1,0,0.027387599652240965
unbal_motor,healthy 1,0,0.02823809685098658
unbal_motor,healthy 1,0,0.027356964245882433
unbal_motor,healthy 1,0,0.02781827330361447
unbal_motor,healthy 1,0,0.028118600165754997
unbal_motor,healthy 1,0,0.02824027490579461
unbal_motor,healthy 1,0,0.027734699342144446
unbal_motor,healthy 1,0,0.028291194738306297
unbal_motor,healthy 1,0,0.02807678300948471
unbal_motor,healthy 1,0,0.028138832633619857
unbal_motor,healthy 1,0,0.028481024793874574
unbal_motor,healthy 1,0,0.02868049297328883
unbal_motor,healthy 1,0,0.02863440018699645
unbal_motor,healthy 1,0,0.02836134409267262
unbal_motor,healthy 1,0,0.02872522935574566
unbal_motor,healthy 1,0,0.02923296808672468
unbal_motor,healthy 1,0,0.029293849257353243
unbal_motor,healthy 1,0,0.029267512433549508
unbal_motor,healthy 1,0,0.028951697079364035
unbal_motor,healthy 1,0,0.029035586879793372
unbal_motor,healthy 1,0,0.02939930813705556
unbal_motor,healthy 1,0,0.02960753802037386
unbal_motor,healthy 1,0,0.029546545105489437
unbal_motor,healthy 1,0,0.029238182911934908
unbal_motor,healthy 1,0,0.028757166706315944
unbal_motor,healthy 1,0,0.028964904402896462
unbal_motor,healthy 1,0,0.02836210710135944
unbal_motor,healthy 1,0,0.02892344031313885
unbal_motor,healthy 1,0,0.028395335884283703
unbal_motor,healthy 1,0,0.02865818558248183
unbal_motor,healthy 1,0,0.02884647952552324
unbal_motor,healthy 1,0,0.029458288788313487
unbal_motor,healthy 1,0,0.029337377988255406
unbal_motor,healthy 1,0,0.0295922365009553
unbal_motor,healthy 1,0,0.02919012613923857
unbal_motor,healthy 1,0,0.03005545435765688
unbal_motor,healthy 1,0,0.02975997732574419
unbal_motor,healthy 1,0,0.029616016157365824
unbal_motor,healthy 1,0,0.031188191215540655
unbal_motor,healthy 1,0,0.03047052538096224
unbal_motor,healthy 1,0,0.02941384811882044
unbal_motor,healthy 1,0,0.029585834603580392
unbal_motor,healthy 1,0,0.030777603732036682
unbal_motor,healthy 1,0,0.029563337096134963
unbal_motor,healthy 1,0,0.029739319677460987
unbal_motor,healthy 2,0,0.06687222678453976
unbal_motor,healthy 2,0,0.06595965050627159
unbal_motor,healthy 2,0,0.06551389417227553
unbal_motor,healthy 2,0,0.066533766130269
unbal_motor,healthy 2,0,0.06527107868662266
unbal_motor,healthy 2,0,0.06557470571577388
unbal_motor,healthy 2,0,0.06461802340567975
unbal_motor,healthy 2,0,0.06492084444562676
unbal_motor,healthy 2,0,0.06571826987534274
unbal_motor,healthy 2,0,0.06511018889753505
unbal_motor,healthy 2,0,0.06461872169567145
unbal_motor,healthy 2,0,0.06493672310899733
unbal_motor,healthy 2,0,0.06486815134582606
unbal_motor,healthy 2,0,0.06476929987225967
unbal_motor,healthy 2,0,0.06442194369102829
unbal_motor,healthy 2,0,0.06510039430256423
unbal_motor,healthy 2,0,0.06520506658285898
unbal_motor,healthy 2,0,0.06441763058996144
unbal_motor,healthy 2,0,0.06509476848379774
unbal_motor,healthy 2,0,0.06559730851683887
unbal_motor,healthy 2,0,0.06531141584571101
unbal_motor,healthy 2,0,0.06506104986345881
unbal_motor,healthy 2,0,0.06499733735401689
unbal_motor,healthy 2,0,0.06537913197147409
unbal_motor,healthy 2,0,0.06570223322885575
unbal_motor,healthy 2,0,0.06667101293141156
unbal_motor,healthy 2,0,0.06610162886948476
unbal_motor,healthy 2,0,0.0656012259255341
unbal_motor,healthy 2,0,0.06558400759898418
unbal_motor,healthy 2,0,0.06575953817164767
unbal_motor,healthy 2,0,0.06591473629329458
unbal_motor,healthy 2,0,0.0658019912819295
unbal_motor,healthy 2,0,0.06592552380631593
unbal_motor,healthy 2,0,0.06607220154959266
unbal_motor,healthy 2,0,0.06595320175227873
unbal_motor,healthy 2,0,0.06495103409235232
unbal_motor,healthy 2,0,0.066053864102553
unbal_motor,healthy 2,0,0.06586485816193367
unbal_motor,healthy 2,0,0.06510753450807397
unbal_motor,healthy 2,0,0.06586759051857059
unbal_motor,healthy 2,0,0.06621546945510697
unbal_motor,healthy 2,0,0.0661451656432985
unbal_motor,healthy 2,0,0.0657440076252085
unbal_motor,healthy 2,0,0.06632412999851692
unbal_motor,healthy 2,0,0.06597418546136186
unbal_motor,healthy 2,0,0.06666339942253992
unbal_motor,healthy 2,0,0.06614940860364206
unbal_motor,healthy 2,0,0.06671980307401887
unbal_motor,healthy 2,0,0.06631504412925439
unbal_motor,healthy 2,0,0.06588577439433452
unbal_motor,healthy 2,0,0.06607716591879839
unbal_motor,healthy 2,0,0.06585377777498111
unbal_motor,healthy 2,0,0.06623254845735276
unbal_motor,healthy 2,0,0.06604389154364522
unbal_motor,healthy 2,0,0.06695290468237858
unbal_motor,healthy 2,0,0.06728963720459515
unbal_motor,healthy 2,0,0.06645828877675806
unbal_motor,healthy 2,0,0.06633245289893988
unbal_motor,healthy 2,0,0.0669676378767816
unbal_motor,healthy 2,0,0.06651285060700629
unbal_motor,healthy 3,0,0.04079434357653987
unbal_motor,healthy 3,0,0.040902542861472976
unbal_motor,healthy 3,0,0.040905859743826364
unbal_motor,healthy 3,0,0.04024712530540962
unbal_motor,healthy 3,0,0.04085349803775857
unbal_motor,healthy 3,0,0.04039344391881331
unbal_motor,healthy 3,0,0.04194959437469248
unbal_motor,healthy 3,0,0.040978103232846654
unbal_motor,healthy 3,0,0.04143647917738141
unbal_motor,healthy 3,0,0.04241630908893394
unbal_motor,healthy 3,0,0.0411088163486367
unbal_motor,healthy 3,0,0.041168271311204534
unbal_motor,healthy 3,0,0.04199981891980261
unbal_motor,healthy 3,0,0.041512816811869045
unbal_motor,healthy 3,0,0.04215393240869634
unbal_motor,healthy 3,0,0.04871489950453412
unbal_motor,healthy 3,0,0.047317266271261316
unbal_motor,healthy 3,0,0.045274788600812514
unbal_motor,healthy 3,0,0.046216600970669854
unbal_motor,healthy 3,0,0.0457329713042491
unbal_motor,healthy 3,0,0.05312830649846621
unbal_motor,healthy 3,0,0.054672321970731574
unbal_motor,healthy 3,0,0.054602438607074366
unbal_motor,healthy 3,0,0.05560634258146158
unbal_motor,healthy 3,0,0.05324371108734223
unbal_motor,healthy 3,0,0.05215041035111489
unbal_motor,healthy 3,0,0.05188057839672617
unbal_motor,healthy 3,0,0.05173441577112854
unbal_motor,healthy 3,0,0.051310245563324364
unbal_motor,healthy 3,0,0.05243211907150093
unbal_motor,healthy 3,0,0.05339774871718189
unbal_motor,healthy 3,0,0.0537726375668736
unbal_motor,healthy 3,0,0.0541224170584521
unbal_motor,healthy 3,0,0.054192556629200514
unbal_motor,healthy 3,0,0.0539898823492035
unbal_motor,healthy 3,0,0.05527106844979345
unbal_motor,healthy 3,0,0.055229029301105285
unbal_motor,healthy 3,0,0.05662263770135577
unbal_motor,healthy 3,0,0.05622733281495723
unbal_motor,healthy 3,0,0.05586279888985131
unbal_motor,healthy 3,0,0.05676270593763187
unbal_motor,healthy 3,0,0.05704394645714372
unbal_motor,healthy 3,0,0.056481988866250485
unbal_motor,healthy 3,0,0.057274418960082264
unbal_motor,healthy 3,0,0.05688392997892364
unbal_motor,healthy 3,0,0.05725133329446348
unbal_motor,healthy 3,0,0.057479146625476187
unbal_motor,healthy 3,0,0.05781836950316355
unbal_motor,healthy 3,0,0.05801156630158038
unbal_motor,healthy 3,0,0.05733884636098753
unbal_motor,healthy 3,0,0.05761185774665329
unbal_motor,healthy 3,0,0.05847346285235008
unbal_motor,healthy 3,0,0.0582995944451874
unbal_motor,healthy 3,0,0.05835091583664198
unbal_motor,healthy 3,0,0.05810403642665148
unbal_motor,healthy 3,0,0.06008877778667169
unbal_motor,healthy 3,0,0.06071229689986127
unbal_motor,healthy 3,0,0.061199649203783055
unbal_motor,healthy 3,0,0.060412253625446645
unbal_motor,healthy 3,0,0.0592884000043175
unbal_motor,unbalance motor 1,1,0.03822518786921649
unbal_motor,unbalance motor 1,1,0.038677134977311546
unbal_motor,unbalance motor 1,1,0.04031532709265989
unbal_motor,unbalance motor 1,1,0.0379923275944144
unbal_motor,unbalance motor 1,1,0.03845373874002578
unbal_motor,unbalance motor 1,1,0.037236861710151656
unbal_motor,unbalance motor 1,1,0.03834006319230933
unbal_motor,unbalance motor 1,1,0.037387830575658455
unbal_motor,unbalance motor 1,1,0.037502008460074496
unbal_motor,unbalance motor 1,1,0.037845639387204984
unbal_motor,unbalance motor 1,1,0.03619784647912535
unbal_motor,unbalance motor 1,1,0.0371856988792002
unbal_motor,unbalance motor 1,1,0.0355610757763172
unbal_motor,unbalance motor 1,1,0.035972504252800075
unbal_motor,unbalance motor 1,1,0.036154980914135444
unbal_motor,unbalance motor 2,2,0.033271766141251415
unbal_motor,unbalance motor 2,2,0.03443517786030831
unbal_motor,unbalance motor 2,2,0.03356589535304197
unbal_motor,unbalance motor 2,2,0.03402656895118195
unbal_motor,unbalance motor 2,2,0.03475219947739999
unbal_motor,unbalance motor 2,2,0.03435161050601341
unbal_motor,unbalance motor 2,2,0.033427758449769834
unbal_motor,unbalance motor 2,2,0.03452952636200267
unbal_motor,unbalance motor 2,2,0.03475207179892127
unbal_motor,unbalance motor 2,2,0.03363449185939912
unbal_motor,unbalance motor 2,2,0.03394486439569606
unbal_motor,unbalance motor 2,2,0.033633449541207686
unbal_motor,unbalance motor 2,2,0.033864262598603964
unbal_motor,unbalance motor 2,2,0.03293692639251468
unbal_motor,unbalance motor 2,2,0.033954956237041235
unbal_motor,unbalance motor 3,3,0.035845459159799926
unbal_motor,unbalance motor 3,3,0.03667060753549173
unbal_motor,unbalance motor 3,3,0.035148195140287906
unbal_motor,unbalance motor 3,3,0.03599718797040055
unbal_motor,unbalance motor 3,3,0.03460432807253093
unbal_motor,unbalance motor 3,3,0.03625945957252767
unbal_motor,unbalance motor 3,3,0.03521087356519228
unbal_motor,unbalance motor 3,3,0.034217282422871045
unbal_motor,unbalance motor 3,3,0.034984268637849404
unbal_motor,unbalance motor 3,3,0.03494231424718811
unbal_motor,unbalance motor 3,3,0.03612163309788404
unbal_motor,unbalance motor 3,3,0.03643286615048881
unbal_motor,unbalance motor 3,3,0.037851561480708375
unbal_motor,unbalance motor 3,3,0.037155047582830725
unbal_motor,unbalance motor 3,3,0.036499156485012854
unbal_motor,unbalance motor 4,4,0.039510126761095256
unbal_motor,unbalance motor 4,4,0.03958303400595502
unbal_motor,unbalance motor 4,4,0.03860562272117962
unbal_motor,unbalance motor 4,4,0.03880862391710139
unbal_motor,unbalance motor 4,4,0.038114644895187975
unbal_motor,unbalance motor 4,4,0.038765380828636946
unbal_motor,unbalance motor 4,4,0.0392571647508132
unbal_motor,unbalance motor 4,4,0.03923937061265122
unbal_motor,unbalance motor 4,4,0.03936163720378129
unbal_motor,unbalance motor 4,4,0.03983440634444844
unbal_motor,unbalance motor 4,4,0.039840247644384576
unbal_motor,unbalance motor 4,4,0.03935735953343535
unbal_motor,unbalance motor 4,4,0.039976618923962
unbal_motor,unbalance motor 4,4,0.039873676807238544
unbal_motor,unbalance motor 4,4,0.04047296719550975
unbal_motor,unbalance motor 5,5,0.0698187370245192
unbal_motor,unbalance motor 5,5,0.07012052404030762
unbal_motor,unbalance motor 5,5,0.06988497161551231
unbal_motor,unbalance motor 5,5,0.06969077614061728
unbal_motor,unbalance motor 5,5,0.06964515144699722
unbal_motor,unbalance motor 5,5,0.06900119761403713
unbal_motor,unbalance motor 5,5,0.06963219587757082
unbal_motor,unbalance motor 5,5,0.06926383895507375
unbal_motor,unbalance motor 5,5,0.06959314445881923
unbal_motor,unbalance motor 5,5,0.07028700365345132
unbal_motor,unbalance motor 5,5,0.06908896702210633
unbal_motor,unbalance motor 5,5,0.0690280903484134
unbal_motor,unbalance motor 5,5,0.068519978761996
unbal_motor,unbalance motor 5,5,0.06858889614278607
unbal_motor,unbalance motor 5,5,0.06923589432761398
unbal_motor,unbalance motor 6,6,0.09540088274027939
unbal_motor,unbalance motor 6,6,0.09520313879591093
unbal_motor,unbalance motor 6,6,0.09502824964367694
unbal_motor,unbalance motor 6,6,0.09456499841855837
unbal_motor,unbalance motor 6,6,0.09416028194309155
unbal_motor,unbalance motor 6,6,0.09406006078853463
unbal_motor,unbalance motor 6,6,0.09359949080507066
unbal_motor,unbalance motor 6,6,0.09384513677965672
unbal_motor,unbalance motor 6,6,0.09408305153703643
unbal_motor,unbalance motor 6,6,0.09442197830059673
unbal_motor,unbalance motor 6,6,0.09507945263052799
unbal_motor,unbalance motor 6,6,0.09450958660537173
unbal_motor,unbalance motor 6,6,0.09509584528883591
unbal_motor,unbalance motor 6,6,0.09541983039834966
unbal_motor,unbalance motor 6,6,0.09544545829244071
unbal_pump,healthy 1,0,0.08082478496899026
unbal_pump,healthy 1,0,0.08386262873992016
unbal_pump,healthy 1,0,0.08501072894972815
unbal_pump,healthy 1,0,0.08698597928600053
unbal_pump,healthy 1,0,0.08288071592050622
unbal_pump,healthy 1,0,0.084965524932325
unbal_pump,healthy 1,0,0.08538887244903523
unbal_pump,healthy 1,0,0.08293326979133481
unbal_pump,healthy 1,0,0.08756007837387272
unbal_pump,healthy 1,0,0.0852062313963632
unbal_pump,healthy 1,0,0.0888375434644247
unbal_pump,healthy 1,0,0.08805000427734663
unbal_pump,healthy 1,0,0.08988110701759774
unbal_pump,healthy 1,0,0.08278455913530207
unbal_pump,healthy 1,0,0.08349082725066352
unbal_pump,healthy 1,0,0.0823525774458957
unbal_pump,healthy 1,0,0.08493841837426944
unbal_pump,healthy 1,0,0.08168139145982237
unbal_pump,healthy 1,0,0.0837769871002487
unbal_pump,healthy 1,0,0.08425174068411424
unbal_pump,healthy 1,0,0.08710616953708519
unbal_pump,healthy 1,0,0.08384456603988844
unbal_pump,healthy 1,0,0.08479362984492109
unbal_pump,healthy 1,0,0.08305237329059344
unbal_pump,healthy 1,0,0.08450248919575602
unbal_pump,healthy 1,0,0.09028108071789119
unbal_pump,healthy 1,0,0.08476019602421829
unbal_pump,healthy 1,0,0.08404392375661932
unbal_pump,healthy 1,0,0.08507559247346637
unbal_pump,healthy 1,0,0.0805011625510899
unbal_pump,healthy 1,0,0.08783612100894293
unbal_pump,healthy 1,0,0.08200372142136812
unbal_pump,healthy 1,0,0.0830132961430027
unbal_pump,healthy 1,0,0.08410074156962297
unbal_pump,healthy 1,0,0.0831503749756704
unbal_pump,healthy 1,0,0.08699593156342805
unbal_pump,healthy 1,0,0.08496320119311424
unbal_pump,healthy 1,0,0.08918358015335764
unbal_pump,healthy 1,0,0.08241111398787399
unbal_pump,healthy 1,0,0.0819721203748819
unbal_pump,healthy 1,0,0.08534636489132401
unbal_pump,healthy 1,0,0.08209273024778865
unbal_pump,healthy 1,0,0.08178379472818874
unbal_pump,healthy 1,0,0.08115455821115142
unbal_pump,healthy 1,0,0.08109754410269196
unbal_pump,healthy 1,0,0.0831469036060141
unbal_pump,healthy 1,0,0.0837506167359858
unbal_pump,healthy 1,0,0.08691196923779299
unbal_pump,healthy 1,0,0.0853559784578937
unbal_pump,healthy 1,0,0.08140153876592113
unbal_pump,healthy 1,0,0.0860436202742272
unbal_pump,healthy 1,0,0.07936195249070274
unbal_pump,healthy 1,0,0.08135436918372338
unbal_pump,healthy 1,0,0.08377642248195481
unbal_pump,healthy 1,0,0.08265680086287323
unbal_pump,healthy 1,0,0.08154710799374115
unbal_pump,healthy 1,0,0.08483031668307203
unbal_pump,healthy 1,0,0.08457973121376516
unbal_pump,healthy 1,0,0.0829177252693702
unbal_pump,healthy 1,0,0.08319566390214317
unbal_pump,healthy 2,0,0.0958193943481978
unbal_pump,healthy 2,0,0.0910368398101768
unbal_pump,healthy 2,0,0.09089516301536629
unbal_pump,healthy 2,0,0.09731444681500802
unbal_pump,healthy 2,0,0.09166193668337234
unbal_pump,healthy 2,0,0.09071890719461605
unbal_pump,healthy 2,0,0.08948277907676569
unbal_pump,healthy 2,0,0.08706441395942889
unbal_pump,healthy 2,0,0.09186315630401536
unbal_pump,healthy 2,0,0.09216601762488191
unbal_pump,healthy 2,0,0.09012488041023477
unbal_pump,healthy 2,0,0.09357873431244633
unbal_pump,healthy 2,0,0.09101279895695995
unbal_pump,healthy 2,0,0.09191412292663123
unbal_pump,healthy 2,0,0.09101735413841884
unbal_pump,healthy 2,0,0.09348186526443349
unbal_pump,healthy 2,0,0.08644173301315446
unbal_pump,healthy 2,0,0.09492713181164607
unbal_pump,healthy 2,0,0.09258754146219783
unbal_pump,healthy 2,0,0.09266113786374727
unbal_pump,healthy 2,0,0.0881500239690356
unbal_pump,healthy 2,0,0.08699080298137668
unbal_pump,healthy 2,0,0.08816360029233326
unbal_pump,healthy 2,0,0.0903073236899131
unbal_pump,healthy 2,0,0.09197930444490357
unbal_pump,healthy 2,0,0.09162049610662373
unbal_pump,healthy 2,0,0.09160893152625289
unbal_pump,healthy 2,0,0.09005417130865584
unbal_pump,healthy 2,0,0.08976635942329597
unbal_pump,healthy 2,0,0.0862715584693884
unbal_pump,healthy 2,0,0.0886290481342154
unbal_pump,healthy 2,0,0.09084837383361838
unbal_pump,healthy 2,0,0.09107551648691552
unbal_pump,healthy 2,0,0.0911786977981373
unbal_pump,healthy 2,0,0.09159506303023475
unbal_pump,healthy 2,0,0.08897494894056336
unbal_pump,healthy 2,0,0.0933267672821031
unbal_pump,healthy 2,0,0.09123524821708559
unbal_pump,healthy 2,0,0.09078968413809017
unbal_pump,healthy 2,0,0.092624972456765
unbal_pump,healthy 2,0,0.08942622108360367
unbal_pump,healthy 2,0,0.0901551105587119
unbal_pump,healthy 2,0,0.09080245052906573
unbal_pump,healthy 2,0,0.09218160948867599
unbal_pump,healthy 2,0,0.08816831536957634
unbal_pump,healthy 2,0,0.09265067076960154
unbal_pump,healthy 2,0,0.09205752668298267
unbal_pump,healthy 2,0,0.09273646038237875
unbal_pump,healthy 2,0,0.09040205967648127
unbal_pump,healthy 2,0,0.0886061162911921
unbal_pump,healthy 2,0,0.08969431783872386
unbal_pump,healthy 2,0,0.08912808449851446
unbal_pump,healthy 2,0,0.09339444650814337
unbal_pump,healthy 2,0,0.08985198013745996
unbal_pump,healthy 2,0,0.08806794503300767
unbal_pump,healthy 2,0,0.0915053210690866
unbal_pump,healthy 2,0,0.08958080547724714
unbal_pump,healthy 2,0,0.09274753060449638
unbal_pump,healthy 2,0,0.09242748800431916
unbal_pump,healthy 2,0,0.0880950123365628
unbal_pump,healthy 3,0,0.09062978533451964
unbal_pump,healthy 3,0,0.09741825572247417
unbal_pump,healthy 3,0,0.09405595627037851
unbal_pump,healthy 3,0,0.09083381674055753
unbal_pump,healthy 3,0,0.09161576787026654
unbal_pump,healthy 3,0,0.08935664762040564
unbal_pump,healthy 3,0,0.09095686410137946
unbal_pump,healthy 3,0,0.086436620111372
unbal_pump,healthy 3,0,0.0907231925183602
unbal_pump,healthy 3,0,0.08800595106678573
unbal_pump,healthy 3,0,0.09111511484684583
unbal_pump,healthy 3,0,0.09005246334050838
unbal_pump,healthy 3,0,0.08969548979052067
unbal_pump,healthy 3,0,0.09083085070006999
unbal_pump,healthy 3,0,0.09367414831288276
unbal_pump,healthy 3,0,0.09288317885316287
unbal_pump,healthy 3,0,0.08965110885572451
unbal_pump,healthy 3,0,0.09408458806234689
unbal_pump,healthy 3,0,0.09041888022680822
unbal_pump,healthy 3,0,0.08704405565855886
unbal_pump,healthy 3,0,0.09208246165363068
unbal_pump,healthy 3,0,0.093657969858497
unbal_pump,healthy 3,0,0.09187009101238826
unbal_pump,healthy 3,0,0.09201589052690075
unbal_pump,healthy 3,0,0.0950149596305674
unbal_pump,healthy 3,0,0.09289551627740035
unbal_pump,healthy 3,0,0.08923990987780273
unbal_pump,healthy 3,0,0.09120467070069094
unbal_pump,healthy 3,0,0.09165928001303233
unbal_pump,healthy 3,0,0.09240692521485726
unbal_pump,healthy 3,0,0.09056912885259437
unbal_pump,healthy 3,0,0.09017364261456592
unbal_pump,healthy 3,0,0.093601800561114
unbal_pump,healthy 3,0,0.08982234124941144
unbal_pump,healthy 3,0,0.0936202624868477
unbal_pump,healthy 3,0,0.09242444129506845
unbal_pump,healthy 3,0,0.09191984008159625
unbal_pump,healthy 3,0,0.09455809922316825
unbal_pump,healthy 3,0,0.0950445938505821
unbal_pump,healthy 3,0,0.0947861863637777
unbal_pump,healthy 3,0,0.09012333333005798
unbal_pump,healthy 3,0,0.08765831573026188
unbal_pump,healthy 3,0,0.09110910773031917
unbal_pump,healthy 3,0,0.09381318341450527
unbal_pump,healthy 3,0,0.08887074941461276
unbal_pump,healthy 3,0,0.09066574486446619
unbal_pump,healthy 3,0,0.09011046307843619
unbal_pump,healthy 3,0,0.09337500803802912
unbal_pump,healthy 3,0,0.09115965564473842
unbal_pump,healthy 3,0,0.09096354662412434
unbal_pump,healthy 3,0,0.0888267308874074
unbal_pump,healthy 3,0,0.0910772275154453
unbal_pump,healthy 3,0,0.0918558896514832
unbal_pump,healthy 3,0,0.08828763887884813
unbal_pump,healthy 3,0,0.0879092257958624
unbal_pump,healthy 3,0,0.09015567294682589
unbal_pump,healthy 3,0,0.09114800150197395
unbal_pump,healthy 3,0,0.09052607971013825
unbal_pump,healthy 3,0,0.09091552169225879
unbal_pump,healthy 3,0,0.09184613065573996
unbal_pump,unbalance pump 1,1,0.0919332514854937
unbal_pump,unbalance pump 1,1,0.09024019810540017
unbal_pump,unbalance pump 1,1,0.08668310299626725
unbal_pump,unbalance pump 1,1,0.08868263299682966
unbal_pump,unbalance pump 1,1,0.08822955644862657
unbal_pump,unbalance pump 1,1,0.09907309099312095
unbal_pump,unbalance pump 1,1,0.08929632435659307
unbal_pump,unbalance pump 1,1,0.09134615581043357
unbal_pump,unbalance pump 1,1,0.09042781262611659
unbal_pump,unbalance pump 1,1,0.092990041528512
unbal_pump,unbalance pump 1,1,0.09228811231699721
unbal_pump,unbalance pump 1,1,0.09144317308354499
unbal_pump,unbalance pump 1,1,0.08985458007475217
unbal_pump,unbalance pump 2,2,0.09176555072299052
unbal_pump,unbalance pump 2,2,0.09310286058437568
unbal_pump,unbalance pump 2,2,0.08955921824585339
unbal_pump,unbalance pump 2,2,0.09040199418902983
unbal_pump,unbalance pump 2,2,0.08875573717834492
unbal_pump,unbalance pump 2,2,0.09033538432587841
unbal_pump,unbalance pump 2,2,0.0876596184649939
unbal_pump,unbalance pump 2,2,0.09128179139863866
unbal_pump,unbalance pump 2,2,0.08695794685248164
unbal_pump,unbalance pump 2,2,0.08709612782664046
unbal_pump,unbalance pump 3,3,0.10549731191616507
unbal_pump,unbalance pump 3,3,0.1000322246177935
unbal_pump,unbalance pump 3,3,0.10059416404616833
unbal_pump,unbalance pump 3,3,0.10361222191991654
unbal_pump,unbalance pump 3,3,0.10419718669321465
unbal_pump,unbalance pump 3,3,0.10668718030219236
unbal_pump,unbalance pump 3,3,0.10188145537835169
unbal_pump,unbalance pump 3,3,0.10100607677065977
unbal_pump,unbalance pump 3,3,0.1033287183741542
unbal_pump,unbalance pump 3,3,0.10084905567850984
unbal_pump,unbalance pump 3,3,0.107164695618414
unbal_pump,unbalance pump 3,3,0.10967201073851043
unbal_pump,unbalance pump 3,3,0.10407268888602536
unbal_pump,unbalance pump 3,3,0.10752088190379266
unbal_pump,unbalance pump 3,3,0.10806124255196252
align_par,healthy 1,0,0.09937085343895699
align_par,healthy 1,0,0.09769099105191105
align_par,healthy 1,0,0.0978827910202404
align_par,healthy 1,0,0.10077329744681547
align_par,healthy 1,0,0.09846302222290587
align_par,healthy 1,0,0.10000840381136158
align_par,healthy 1,0,0.10068504804577122
align_par,healthy 1,0,0.09857411056969786
align_par,healthy 1,0,0.10001013072643784
align_par,healthy 1,0,0.10166502480611243
align_par,healthy 1,0,0.1019856474358456
align_par,healthy 1,0,0.09919755138593007
align_par,healthy 1,0,0.10185420316002905
align_par,healthy 1,0,0.09835657864411947
align_par,healthy 1,0,0.09892053975556594
align_par,healthy 1,0,0.09806267858237483
align_par,healthy 1,0,0.10223920216112821
align_par,healthy 1,0,0.09833101599143873
align_par,healthy 1,0,0.09946375480724758
align_par,healthy 1,0,0.102396783236302
align_par,healthy 1,0,0.10533178081980847
align_par,healthy 1,0,0.0989895781912203
align_par,healthy 1,0,0.10003467446441376
align_par,healthy 1,0,0.10001533363613344
align_par,healthy 1,0,0.09987908419723514
align_par,healthy 1,0,0.10428974530034191
align_par,healthy 1,0,0.10118725022903143
align_par,healthy 1,0,0.10297538981966656
align_par,healthy 1,0,0.1015571412206517
align_par,healthy 1,0,0.10158051507701248
align_par,healthy 1,0,0.1025263433549657
align_par,healthy 1,0,0.10022187631031282
align_par,healthy 1,0,0.10267185959035205
align_par,healthy 1,0,0.1030921259593637
align_par,healthy 1,0,0.10379574570303549
align_par,healthy 1,0,0.10775462943985364
align_par,healthy 1,0,0.10519192003247912
align_par,healthy 1,0,0.10696604695646748
align_par,healthy 1,0,0.1032818060107294
align_par,healthy 1,0,0.10189413573184924
align_par,healthy 1,0,0.10105618645704849
align_par,healthy 1,0,0.10156594907711708
align_par,healthy 1,0,0.10151942846623416
align_par,healthy 1,0,0.09903619924517927
align_par,healthy 1,0,0.1002717670752476
align_par,healthy 1,0,0.10116751909710966
align_par,healthy 1,0,0.10258683349941115
align_par,healthy 1,0,0.10519793490223676
align_par,healthy 1,0,0.10493614988868201
align_par,healthy 1,0,0.10008047864091422
align_par,healthy 1,0,0.10400743789969956
align_par,healthy 1,0,0.09902109313918478
align_par,healthy 1,0,0.10022758636932409
align_par,healthy 1,0,0.0964500484083874
align_par,healthy 1,0,0.10062352605724156
align_par,healthy 1,0,0.10107286715635237
align_par,healthy 1,0,0.1021417427440662
align_par,healthy 1,0,0.10446631110333282
align_par,healthy 1,0,0.10148804174626264
align_par,healthy 1,0,0.10148238711804256
align_par,healthy 2,0,0.09861801107397611
align_par,healthy 2,0,0.09442566174464731
align_par,healthy 2,0,0.09494350382208525
align_par,healthy 2,0,0.09506949206671965
align_par,healthy 2,0,0.0953857272160137
align_par,healthy 2,0,0.0950080282994931
align_par,healthy 2,0,0.09649402302789493
align_par,healthy 2,0,0.09335155660567071
align_par,healthy 2,0,0.09645038502439414
align_par,healthy 2,0,0.09566391370305964
align_par,healthy 2,0,0.09126003352768239
align_par,healthy 2,0,0.0928401318653153
align_par,healthy 2,0,0.09225866338761023
align_par,healthy 2,0,0.09153945079595936
align_par,healthy 2,0,0.0926933745233159
align_par,healthy 2,0,0.09391509085480299
align_par,healthy 2,0,0.09161370761478485
align_par,healthy 2,0,0.0929655827168094
align_par,healthy 2,0,0.09532730305018147
align_par,healthy 2,0,0.09418739992136956
align_par,healthy 2,0,0.09421805136752123
align_par,healthy 2,0,0.09508806678654033
align_par,healthy 2,0,0.09404759302194633
align_par,healthy 2,0,0.09423422154142867
align_par,healthy 2,0,0.09507528785063955
align_par,healthy 2,0,0.0948847410843594
align_par,healthy 2,0,0.09564949341225512
align_par,healthy 2,0,0.09543447164026962
align_par,healthy 2,0,0.09356698700091347
align_par,healthy 2,0,0.09385454565995681
align_par,healthy 2,0,0.09556341395092763
align_par,healthy 2,0,0.09586737891329973
align_par,healthy 2,0,0.09697248115434715
align_par,healthy 2,0,0.09523798202105647
align_par,healthy 2,0,0.09453002456222698
align_par,healthy 2,0,0.09493405743414488
align_par,healthy 2,0,0.09476326168445219
align_par,healthy 2,0,0.09479733950118019
align_par,healthy 2,0,0.09362500015074318
align_par,healthy 2,0,0.0948340085999887
align_par,healthy 2,0,0.09483070572838535
align_par,healthy 2,0,0.09460952762202711
align_par,healthy 2,0,0.09435708884736455
align_par,healthy 2,0,0.09579705376692284
align_par,healthy 2,0,0.09465343094934506
align_par,healthy 2,0,0.0964579506109287
align_par,healthy 2,0,0.09407233532545818
align_par,healthy 2,0,0.09503016940144347
align_par,healthy 2,0,0.09453327352338023
align_par,healthy 2,0,0.09481059899624589
align_par,healthy 2,0,0.09687341658662726
align_par,healthy 2,0,0.09508057278379543
align_par,healthy 2,0,0.09688408667105379
align_par,healthy 2,0,0.09444785313866481
align_par,healthy 2,0,0.09470862333890488
align_par,healthy 2,0,0.09468740230493207
align_par,healthy 2,0,0.09558281112242233
align_par,healthy 2,0,0.09711261415502465
align_par,healthy 2,0,0.09639167666871513
align_par,healthy 2,0,0.09541822879445531
align_par,healthy 3,0,0.07595018484813378
align_par,healthy 3,0,0.07660326575903743
align_par,healthy 3,0,0.07600849386514662
align_par,healthy 3,0,0.07449897627360884
align_par,healthy 3,0,0.07683284660955145
align_par,healthy 3,0,0.07462163070822507
align_par,healthy 3,0,0.07606590710503269
align_par,healthy 3,0,0.07445342516762027
align_par,healthy 3,0,0.0762463114766908
align_par,healthy 3,0,0.0770230071227276
align_par,healthy 3,0,0.07800283133134363
align_par,healthy 3,0,0.07653470072863283
align_par,healthy 3,0,0.07743024170152392
align_par,healthy 3,0,0.07806118328558785
align_par,healthy 3,0,0.07837127604720846
align_par,healthy 3,0,0.08671761311722577
align_par,healthy 3,0,0.0835638932083993
align_par,healthy 3,0,0.083996455667154
align_par,healthy 3,0,0.08446211963595725
align_par,healthy 3,0,0.08385552811639384
align_par,healthy 3,0,0.09027465544896648
align_par,healthy 3,0,0.09510637507845737
align_par,healthy 3,0,0.09265474409218655
align_par,healthy 3,0,0.09190237318475789
align_par,healthy 3,0,0.09269450347342349
align_par,healthy 3,0,0.08617847568500482
align_par,healthy 3,0,0.08447318597779613
align_par,healthy 3,0,0.08450463269326271
align_par,healthy 3,0,0.08375547335683897
align_par,healthy 3,0,0.08398343665740776
align_par,healthy 3,0,0.08517843867427001
align_par,healthy 3,0,0.08456999966127415
align_par,healthy 3,0,0.08632170501005136
align_par,healthy 3,0,0.08557414740655801
align_par,healthy 3,0,0.08610503423334864
align_par,healthy 3,0,0.08616520686739315
align_par,healthy 3,0,0.08688194460019642
align_par,healthy 3,0,0.08685042998638495
align_par,healthy 3,0,0.08864731662471516
align_par,healthy 3,0,0.08703067123118616
align_par,healthy 3,0,0.08681828537593166
align_par,healthy 3,0,0.08658332815962878
align_par,healthy 3,0,0.0875415793665947
align_par,healthy 3,0,0.08875380058469795
align_par,healthy 3,0,0.0872382923404023
align_par,healthy 3,0,0.08679386572123186
align_par,healthy 3,0,0.08607002286844087
align_par,healthy 3,0,0.08844049467034772
align_par,healthy 3,0,0.0885019068524299
align_par,healthy 3,0,0.08849493145871823
align_par,healthy 3,0,0.08744141815702168
align_par,healthy 3,0,0.08821801154633599
align_par,healthy 3,0,0.08976066899864808
align_par,healthy 3,0,0.08751187432331387
align_par,healthy 3,0,0.08727778061106546
align_par,healthy 3,0,0.090388461140087
align_par,healthy 3,0,0.09011438121883376
align_par,healthy 3,0,0.09082898968097479
align_par,healthy 3,0,0.09143599953964422
align_par,healthy 3,0,0.08839768159476104
align_par,align parallel 1,1,0.11250860476208445
align_par,align parallel 1,1,0.11159159685415344
align_par,align parallel 1,1,0.11359872567060875
align_par,align parallel 1,1,0.11388823832916652
align_par,align parallel 1,1,0.1119614318978941
align_par,align parallel 1,1,0.11283979951396274
align_par,align parallel 1,1,0.11347720797542796
align_par,align parallel 1,1,0.11216235832705716
align_par,align parallel 1,1,0.11229666982257328
align_par,align parallel 1,1,0.1120645505264787
align_par,align parallel 1,1,0.10963310845372205
align_par,align parallel 1,1,0.1116536223503994
align_par,align parallel 1,1,0.11599907955859155
align_par,align parallel 1,1,0.1170644506168835
align_par,align parallel 1,1,0.11843821579758121
align_par,align parallel 2,2,0.13843863619380953
align_par,align parallel 2,2,0.14030310906061733
align_par,align parallel 2,2,0.13753973200886138
align_par,align parallel 2,2,0.13627444728755916
align_par,align parallel 2,2,0.13706009439327924
align_par,align parallel 2,2,0.12988071832320433
align_par,align parallel 2,2,0.13020795776856234
align_par,align parallel 2,2,0.12884518475372111
align_par,align parallel 2,2,0.12788204411454354
align_par,align parallel 2,2,0.12627421188553445
align_par,align parallel 2,2,0.12537970204149307
align_par,align parallel 2,2,0.12192429128114074
align_par,align parallel 2,2,0.12458278856034244
align_par,align parallel 2,2,0.12210331623638591
align_par,align parallel 2,2,0.12303307045106945
align_par,align parallel 2,2,0.12364174078417145
align_par,align parallel 2,2,0.12552102164427945
align_par,align parallel 2,2,0.12350044444649567
align_par,align parallel 2,2,0.12622072892268799
align_par,align parallel 2,2,0.12476332002545241
align_par,align parallel 3,3,0.24191662004547765
align_par,align parallel 3,3,0.24287243991486027
align_par,align parallel 3,3,0.2443456575541821
align_par,align parallel 3,3,0.24027899282670345
align_par,align parallel 3,3,0.24067595243016562
align_par,align parallel 3,3,0.23585025549056424
align_par,align parallel 3,3,0.23803055421532957
align_par,align parallel 3,3,0.23613116764734976
align_par,align parallel 3,3,0.23793703176449024
align_par,align parallel 3,3,0.24057335215208375
align_par,align parallel 3,3,0.2383644870654458
align_par,align parallel 3,3,0.24094183026901977
align_par,align parallel 3,3,0.23851873008220997
align_par,align parallel 3,3,0.23830754532167112
align_par,align parallel 3,3,0.242588294549303
align_par,align parallel 4,4,0.30787811259774817
align_par,align parallel 4,4,0.31422309326689124
align_par,align parallel 4,4,0.3140170776152526
align_par,align parallel 4,4,0.31072376298618687
align_par,align parallel 4,4,0.3108023704780072
align_par,align parallel 4,4,0.31476363987672384
align_par,align parallel 4,4,0.30984866613645
align_par,align parallel 4,4,0.3097101803132694
align_par,align parallel 4,4,0.31213044489321945
align_par,align parallel 4,4,0.3082753664261189
align_par,align parallel 4,4,0.30673195330568914
align_par,align parallel 4,4,0.30678031543414147
align_par,align parallel 4,4,0.3032059514583377
align_par,align parallel 4,4,0.30483374125449386
align_par,align parallel 4,4,0.3014050495178604
